axis,basis,basis_axes,layer,depth,resid_frac
story_v2_1k,others,persona_v2+harm_v2+eval_v2,0,0.0,0.0
story_v2_1k,others,persona_v2+harm_v2+eval_v2,1,0.0238,0.7875068854639983
story_v2_1k,others,persona_v2+harm_v2+eval_v2,2,0.0476,0.9222006804440115
story_v2_1k,others,persona_v2+harm_v2+eval_v2,3,0.0714,0.8900267950647561
story_v2_1k,others,persona_v2+harm_v2+eval_v2,4,0.0952,0.9208872438458344
story_v2_1k,others,persona_v2+harm_v2+eval_v2,5,0.119,0.9607339329713602
story_v2_1k,others,persona_v2+harm_v2+eval_v2,6,0.1429,0.959716031775237
story_v2_1k,others,persona_v2+harm_v2+eval_v2,7,0.1667,0.9786762458206305
story_v2_1k,others,persona_v2+harm_v2+eval_v2,8,0.1905,0.9788436986934741
story_v2_1k,others,persona_v2+harm_v2+eval_v2,9,0.2143,0.9906714459411827
story_v2_1k,others,persona_v2+harm_v2+eval_v2,10,0.2381,0.9971191337297242
story_v2_1k,others,persona_v2+harm_v2+eval_v2,11,0.2619,0.9951317928049466
story_v2_1k,others,persona_v2+harm_v2+eval_v2,12,0.2857,0.993990522517088
story_v2_1k,others,persona_v2+harm_v2+eval_v2,13,0.3095,0.9951337282402544
story_v2_1k,others,persona_v2+harm_v2+eval_v2,14,0.3333,0.9937073815834956
story_v2_1k,others,persona_v2+harm_v2+eval_v2,15,0.3571,0.9919968149191206
story_v2_1k,others,persona_v2+harm_v2+eval_v2,16,0.381,0.9946446485719663
story_v2_1k,others,persona_v2+harm_v2+eval_v2,17,0.4048,0.9939519503773252
story_v2_1k,others,persona_v2+harm_v2+eval_v2,18,0.4286,0.9908091615324393
story_v2_1k,others,persona_v2+harm_v2+eval_v2,19,0.4524,0.9916859268977134
story_v2_1k,others,persona_v2+harm_v2+eval_v2,20,0.4762,0.9909036803274361
story_v2_1k,others,persona_v2+harm_v2+eval_v2,21,0.5,0.9832266415683041
story_v2_1k,others,persona_v2+harm_v2+eval_v2,22,0.5238,0.9878032837056012
story_v2_1k,others,persona_v2+harm_v2+eval_v2,23,0.5476,0.9824171592607287
story_v2_1k,others,persona_v2+harm_v2+eval_v2,24,0.5714,0.9864135659974951
story_v2_1k,others,persona_v2+harm_v2+eval_v2,25,0.5952,0.984062067752991
story_v2_1k,others,persona_v2+harm_v2+eval_v2,26,0.619,0.9854131667484242
story_v2_1k,others,persona_v2+harm_v2+eval_v2,27,0.6429,0.9863442808091659
story_v2_1k,others,persona_v2+harm_v2+eval_v2,28,0.6667,0.9836978229826723
story_v2_1k,others,persona_v2+harm_v2+eval_v2,29,0.6905,0.9813272109588449
story_v2_1k,others,persona_v2+harm_v2+eval_v2,30,0.7143,0.9824505820416701
story_v2_1k,others,persona_v2+harm_v2+eval_v2,31,0.7381,0.9793453618536623
story_v2_1k,others,persona_v2+harm_v2+eval_v2,32,0.7619,0.977704159645814
story_v2_1k,others,persona_v2+harm_v2+eval_v2,33,0.7857,0.9805286738944412
story_v2_1k,others,persona_v2+harm_v2+eval_v2,34,0.8095,0.9819245409496808
story_v2_1k,others,persona_v2+harm_v2+eval_v2,35,0.8333,0.9810710348791453
story_v2_1k,others,persona_v2+harm_v2+eval_v2,36,0.8571,0.9818790344039324
story_v2_1k,others,persona_v2+harm_v2+eval_v2,37,0.881,0.9805204709872546
story_v2_1k,others,persona_v2+harm_v2+eval_v2,38,0.9048,0.9779164650329056
story_v2_1k,others,persona_v2+harm_v2+eval_v2,39,0.9286,0.9753050214203537
story_v2_1k,others,persona_v2+harm_v2+eval_v2,40,0.9524,0.9723390413809399
story_v2_1k,others,persona_v2+harm_v2+eval_v2,41,0.9762,0.9620566602862132
story_v2_1k,others,persona_v2+harm_v2+eval_v2,42,1.0,0.9527975791369881
persona_v2,others,story_v2_1k+harm_v2+eval_v2,0,0.0,0.0
persona_v2,others,story_v2_1k+harm_v2+eval_v2,1,0.0238,0.9697756079082384
persona_v2,others,story_v2_1k+harm_v2+eval_v2,2,0.0476,0.9981212851234906
persona_v2,others,story_v2_1k+harm_v2+eval_v2,3,0.0714,0.9820260259863395
persona_v2,others,story_v2_1k+harm_v2+eval_v2,4,0.0952,0.9863034867405253
persona_v2,others,story_v2_1k+harm_v2+eval_v2,5,0.119,0.9930563214688132
persona_v2,others,story_v2_1k+harm_v2+eval_v2,6,0.1429,0.9883783916972996
persona_v2,others,story_v2_1k+harm_v2+eval_v2,7,0.1667,0.996859668050162
persona_v2,others,story_v2_1k+harm_v2+eval_v2,8,0.1905,0.9911911636689721
persona_v2,others,story_v2_1k+harm_v2+eval_v2,9,0.2143,0.988321825844224
persona_v2,others,story_v2_1k+harm_v2+eval_v2,10,0.2381,0.9840816676051025
persona_v2,others,story_v2_1k+harm_v2+eval_v2,11,0.2619,0.9898531565480952
persona_v2,others,story_v2_1k+harm_v2+eval_v2,12,0.2857,0.9946599241917398
persona_v2,others,story_v2_1k+harm_v2+eval_v2,13,0.3095,0.9959260554961962
persona_v2,others,story_v2_1k+harm_v2+eval_v2,14,0.3333,0.995835593106575
persona_v2,others,story_v2_1k+harm_v2+eval_v2,15,0.3571,0.9960683277912084
persona_v2,others,story_v2_1k+harm_v2+eval_v2,16,0.381,0.9932797420747714
persona_v2,others,story_v2_1k+harm_v2+eval_v2,17,0.4048,0.9914734257910945
persona_v2,others,story_v2_1k+harm_v2+eval_v2,18,0.4286,0.9879915643300202
persona_v2,others,story_v2_1k+harm_v2+eval_v2,19,0.4524,0.9870972198282701
persona_v2,others,story_v2_1k+harm_v2+eval_v2,20,0.4762,0.9753126490639772
persona_v2,others,story_v2_1k+harm_v2+eval_v2,21,0.5,0.9661915453615065
persona_v2,others,story_v2_1k+harm_v2+eval_v2,22,0.5238,0.9642738346461563
persona_v2,others,story_v2_1k+harm_v2+eval_v2,23,0.5476,0.9459266904883811
persona_v2,others,story_v2_1k+harm_v2+eval_v2,24,0.5714,0.9408112175527295
persona_v2,others,story_v2_1k+harm_v2+eval_v2,25,0.5952,0.9397314564781545
persona_v2,others,story_v2_1k+harm_v2+eval_v2,26,0.619,0.9432543422659538
persona_v2,others,story_v2_1k+harm_v2+eval_v2,27,0.6429,0.9461334599424805
persona_v2,others,story_v2_1k+harm_v2+eval_v2,28,0.6667,0.9294138152722616
persona_v2,others,story_v2_1k+harm_v2+eval_v2,29,0.6905,0.9122896839733268
persona_v2,others,story_v2_1k+harm_v2+eval_v2,30,0.7143,0.9129156644662801
persona_v2,others,story_v2_1k+harm_v2+eval_v2,31,0.7381,0.9056976669911766
persona_v2,others,story_v2_1k+harm_v2+eval_v2,32,0.7619,0.9139368718392089
persona_v2,others,story_v2_1k+harm_v2+eval_v2,33,0.7857,0.8988644417307763
persona_v2,others,story_v2_1k+harm_v2+eval_v2,34,0.8095,0.8954960807729039
persona_v2,others,story_v2_1k+harm_v2+eval_v2,35,0.8333,0.8861733452808932
persona_v2,others,story_v2_1k+harm_v2+eval_v2,36,0.8571,0.8808339736928364
persona_v2,others,story_v2_1k+harm_v2+eval_v2,37,0.881,0.8839059259771899
persona_v2,others,story_v2_1k+harm_v2+eval_v2,38,0.9048,0.8912050859136552
persona_v2,others,story_v2_1k+harm_v2+eval_v2,39,0.9286,0.8991120752422596
persona_v2,others,story_v2_1k+harm_v2+eval_v2,40,0.9524,0.9037824796584706
persona_v2,others,story_v2_1k+harm_v2+eval_v2,41,0.9762,0.8928031028598523
persona_v2,others,story_v2_1k+harm_v2+eval_v2,42,1.0,0.9079635072373685
persona_v2,story_v2_1k,story_v2_1k,0,0.0,0.0
persona_v2,story_v2_1k,story_v2_1k,1,0.0238,0.9904605004582454
persona_v2,story_v2_1k,story_v2_1k,2,0.0476,0.9997555490239239
persona_v2,story_v2_1k,story_v2_1k,3,0.0714,0.9821029605640417
persona_v2,story_v2_1k,story_v2_1k,4,0.0952,0.9903641230361482
persona_v2,story_v2_1k,story_v2_1k,5,0.119,0.9955139644010941
persona_v2,story_v2_1k,story_v2_1k,6,0.1429,0.9927794775993118
persona_v2,story_v2_1k,story_v2_1k,7,0.1667,0.9992452662291621
persona_v2,story_v2_1k,story_v2_1k,8,0.1905,0.9975181701690975
persona_v2,story_v2_1k,story_v2_1k,9,0.2143,0.9971249794735468
persona_v2,story_v2_1k,story_v2_1k,10,0.2381,0.9992892753002753
persona_v2,story_v2_1k,story_v2_1k,11,0.2619,0.9998644310333238
persona_v2,story_v2_1k,story_v2_1k,12,0.2857,0.9999121560093142
persona_v2,story_v2_1k,story_v2_1k,13,0.3095,0.9995813218259907
persona_v2,story_v2_1k,story_v2_1k,14,0.3333,0.9984222984799825
persona_v2,story_v2_1k,story_v2_1k,15,0.3571,0.9967585231144063
persona_v2,story_v2_1k,story_v2_1k,16,0.381,0.9977104898722555
persona_v2,story_v2_1k,story_v2_1k,17,0.4048,0.9979778242056441
persona_v2,story_v2_1k,story_v2_1k,18,0.4286,0.9965747240715189
persona_v2,story_v2_1k,story_v2_1k,19,0.4524,0.9963316721331386
persona_v2,story_v2_1k,story_v2_1k,20,0.4762,0.9952123020312545
persona_v2,story_v2_1k,story_v2_1k,21,0.5,0.9922269319567685
persona_v2,story_v2_1k,story_v2_1k,22,0.5238,0.9923038954364644
persona_v2,story_v2_1k,story_v2_1k,23,0.5476,0.990365729046587
persona_v2,story_v2_1k,story_v2_1k,24,0.5714,0.9938246141324012
persona_v2,story_v2_1k,story_v2_1k,25,0.5952,0.9909908737995612
persona_v2,story_v2_1k,story_v2_1k,26,0.619,0.9940256848174821
persona_v2,story_v2_1k,story_v2_1k,27,0.6429,0.9927003600643766
persona_v2,story_v2_1k,story_v2_1k,28,0.6667,0.9907149351427883
persona_v2,story_v2_1k,story_v2_1k,29,0.6905,0.9898190582321175
persona_v2,story_v2_1k,story_v2_1k,30,0.7143,0.9914514356710936
persona_v2,story_v2_1k,story_v2_1k,31,0.7381,0.9899286741752018
persona_v2,story_v2_1k,story_v2_1k,32,0.7619,0.989885270086459
persona_v2,story_v2_1k,story_v2_1k,33,0.7857,0.9901574557533437
persona_v2,story_v2_1k,story_v2_1k,34,0.8095,0.9911131260668208
persona_v2,story_v2_1k,story_v2_1k,35,0.8333,0.9906985563486429
persona_v2,story_v2_1k,story_v2_1k,36,0.8571,0.9913136269892562
persona_v2,story_v2_1k,story_v2_1k,37,0.881,0.9910851816287628
persona_v2,story_v2_1k,story_v2_1k,38,0.9048,0.9890038945874754
persona_v2,story_v2_1k,story_v2_1k,39,0.9286,0.9872047787389293
persona_v2,story_v2_1k,story_v2_1k,40,0.9524,0.986769799912142
persona_v2,story_v2_1k,story_v2_1k,41,0.9762,0.9902965507893559
persona_v2,story_v2_1k,story_v2_1k,42,1.0,0.9728952424189998
harm_v2,others,story_v2_1k+persona_v2+eval_v2,0,0.0,0.0
harm_v2,others,story_v2_1k+persona_v2+eval_v2,1,0.0238,0.9501455540816508
harm_v2,others,story_v2_1k+persona_v2+eval_v2,2,0.0476,0.9827741895340159
harm_v2,others,story_v2_1k+persona_v2+eval_v2,3,0.0714,0.983702938741716
harm_v2,others,story_v2_1k+persona_v2+eval_v2,4,0.0952,0.9892626947763784
harm_v2,others,story_v2_1k+persona_v2+eval_v2,5,0.119,0.984838045084997
harm_v2,others,story_v2_1k+persona_v2+eval_v2,6,0.1429,0.9906832719569352
harm_v2,others,story_v2_1k+persona_v2+eval_v2,7,0.1667,0.9930439626576016
harm_v2,others,story_v2_1k+persona_v2+eval_v2,8,0.1905,0.9901568054664034
harm_v2,others,story_v2_1k+persona_v2+eval_v2,9,0.2143,0.9889213666677004
harm_v2,others,story_v2_1k+persona_v2+eval_v2,10,0.2381,0.98782290157711
harm_v2,others,story_v2_1k+persona_v2+eval_v2,11,0.2619,0.9897798827941304
harm_v2,others,story_v2_1k+persona_v2+eval_v2,12,0.2857,0.9938965088371153
harm_v2,others,story_v2_1k+persona_v2+eval_v2,13,0.3095,0.9942631684857565
harm_v2,others,story_v2_1k+persona_v2+eval_v2,14,0.3333,0.9933498365563984
harm_v2,others,story_v2_1k+persona_v2+eval_v2,15,0.3571,0.9945091473429563
harm_v2,others,story_v2_1k+persona_v2+eval_v2,16,0.381,0.9935594747515705
harm_v2,others,story_v2_1k+persona_v2+eval_v2,17,0.4048,0.992826331084246
harm_v2,others,story_v2_1k+persona_v2+eval_v2,18,0.4286,0.9943584400425879
harm_v2,others,story_v2_1k+persona_v2+eval_v2,19,0.4524,0.9947827532702097
harm_v2,others,story_v2_1k+persona_v2+eval_v2,20,0.4762,0.9926483220957518
harm_v2,others,story_v2_1k+persona_v2+eval_v2,21,0.5,0.998123080500994
harm_v2,others,story_v2_1k+persona_v2+eval_v2,22,0.5238,0.996164010252558
harm_v2,others,story_v2_1k+persona_v2+eval_v2,23,0.5476,0.9807259494389003
harm_v2,others,story_v2_1k+persona_v2+eval_v2,24,0.5714,0.9755812921764218
harm_v2,others,story_v2_1k+persona_v2+eval_v2,25,0.5952,0.9770495606425819
harm_v2,others,story_v2_1k+persona_v2+eval_v2,26,0.619,0.9724776702582109
harm_v2,others,story_v2_1k+persona_v2+eval_v2,27,0.6429,0.9675710557288981
harm_v2,others,story_v2_1k+persona_v2+eval_v2,28,0.6667,0.9503826008250882
harm_v2,others,story_v2_1k+persona_v2+eval_v2,29,0.6905,0.9333332309579173
harm_v2,others,story_v2_1k+persona_v2+eval_v2,30,0.7143,0.9304740218716961
harm_v2,others,story_v2_1k+persona_v2+eval_v2,31,0.7381,0.9211634009454303
harm_v2,others,story_v2_1k+persona_v2+eval_v2,32,0.7619,0.9256250873290908
harm_v2,others,story_v2_1k+persona_v2+eval_v2,33,0.7857,0.9064471457963241
harm_v2,others,story_v2_1k+persona_v2+eval_v2,34,0.8095,0.900397229331537
harm_v2,others,story_v2_1k+persona_v2+eval_v2,35,0.8333,0.8901488548530014
harm_v2,others,story_v2_1k+persona_v2+eval_v2,36,0.8571,0.8833812557625944
harm_v2,others,story_v2_1k+persona_v2+eval_v2,37,0.881,0.8865087752118122
harm_v2,others,story_v2_1k+persona_v2+eval_v2,38,0.9048,0.8953719564586087
harm_v2,others,story_v2_1k+persona_v2+eval_v2,39,0.9286,0.9058650679473489
harm_v2,others,story_v2_1k+persona_v2+eval_v2,40,0.9524,0.9112601658810505
harm_v2,others,story_v2_1k+persona_v2+eval_v2,41,0.9762,0.8925246460916576
harm_v2,others,story_v2_1k+persona_v2+eval_v2,42,1.0,0.9313408191609454
harm_v2,story_v2_1k,story_v2_1k,0,0.0,0.0
harm_v2,story_v2_1k,story_v2_1k,1,0.0238,0.9998095443221585
harm_v2,story_v2_1k,story_v2_1k,2,0.0476,0.9893842682887474
harm_v2,story_v2_1k,story_v2_1k,3,0.0714,0.9858169063286275
harm_v2,story_v2_1k,story_v2_1k,4,0.0952,0.9893604379908767
harm_v2,story_v2_1k,story_v2_1k,5,0.119,0.9875252299938512
harm_v2,story_v2_1k,story_v2_1k,6,0.1429,0.9955470174134567
harm_v2,story_v2_1k,story_v2_1k,7,0.1667,0.9954313754797021
harm_v2,story_v2_1k,story_v2_1k,8,0.1905,0.9964689722771577
harm_v2,story_v2_1k,story_v2_1k,9,0.2143,0.9961722885790149
harm_v2,story_v2_1k,story_v2_1k,10,0.2381,0.9988157352444241
harm_v2,story_v2_1k,story_v2_1k,11,0.2619,0.995650512848634
harm_v2,story_v2_1k,story_v2_1k,12,0.2857,0.9952863167561421
harm_v2,story_v2_1k,story_v2_1k,13,0.3095,0.9956894323198067
harm_v2,story_v2_1k,story_v2_1k,14,0.3333,0.9952151160306938
harm_v2,story_v2_1k,story_v2_1k,15,0.3571,0.9952249674435288
harm_v2,story_v2_1k,story_v2_1k,16,0.381,0.9972067517839923
harm_v2,story_v2_1k,story_v2_1k,17,0.4048,0.9967250731686105
harm_v2,story_v2_1k,story_v2_1k,18,0.4286,0.9945088354859662
harm_v2,story_v2_1k,story_v2_1k,19,0.4524,0.9955998575752745
harm_v2,story_v2_1k,story_v2_1k,20,0.4762,0.997656059229283
harm_v2,story_v2_1k,story_v2_1k,21,0.5,0.9991199184545952
harm_v2,story_v2_1k,story_v2_1k,22,0.5238,0.9999957267494957
harm_v2,story_v2_1k,story_v2_1k,23,0.5476,0.999632013970361
harm_v2,story_v2_1k,story_v2_1k,24,0.5714,0.9996115312236626
harm_v2,story_v2_1k,story_v2_1k,25,0.5952,0.9998060814619949
harm_v2,story_v2_1k,story_v2_1k,26,0.619,0.9999576478692227
harm_v2,story_v2_1k,story_v2_1k,27,0.6429,0.999847902582187
harm_v2,story_v2_1k,story_v2_1k,28,0.6667,0.99970016441125
harm_v2,story_v2_1k,story_v2_1k,29,0.6905,0.9999354426551798
harm_v2,story_v2_1k,story_v2_1k,30,0.7143,0.9996851203299258
harm_v2,story_v2_1k,story_v2_1k,31,0.7381,0.9996765124394744
harm_v2,story_v2_1k,story_v2_1k,32,0.7619,0.9994670592195729
harm_v2,story_v2_1k,story_v2_1k,33,0.7857,0.9997263760086224
harm_v2,story_v2_1k,story_v2_1k,34,0.8095,0.9998636780604514
harm_v2,story_v2_1k,story_v2_1k,35,0.8333,0.9998606273473875
harm_v2,story_v2_1k,story_v2_1k,36,0.8571,0.9998075438724261
harm_v2,story_v2_1k,story_v2_1k,37,0.881,0.9994825078421371
harm_v2,story_v2_1k,story_v2_1k,38,0.9048,0.9995280177364981
harm_v2,story_v2_1k,story_v2_1k,39,0.9286,0.9991310836704818
harm_v2,story_v2_1k,story_v2_1k,40,0.9524,0.9984266885868698
harm_v2,story_v2_1k,story_v2_1k,41,0.9762,0.9940097983386674
harm_v2,story_v2_1k,story_v2_1k,42,1.0,0.9992340110901591
eval_v2,others,story_v2_1k+persona_v2+harm_v2,0,0.0,0.0
eval_v2,others,story_v2_1k+persona_v2+harm_v2,1,0.0238,0.7813158134868476
eval_v2,others,story_v2_1k+persona_v2+harm_v2,2,0.0476,0.9214009785045228
eval_v2,others,story_v2_1k+persona_v2+harm_v2,3,0.0714,0.9094541576773018
eval_v2,others,story_v2_1k+persona_v2+harm_v2,4,0.0952,0.9378956946876776
eval_v2,others,story_v2_1k+persona_v2+harm_v2,5,0.119,0.9715016889659186
eval_v2,others,story_v2_1k+persona_v2+harm_v2,6,0.1429,0.9698268536141204
eval_v2,others,story_v2_1k+persona_v2+harm_v2,7,0.1667,0.984065893666052
eval_v2,others,story_v2_1k+persona_v2+harm_v2,8,0.1905,0.9852293942489491
eval_v2,others,story_v2_1k+persona_v2+harm_v2,9,0.2143,0.9963135340655309
eval_v2,others,story_v2_1k+persona_v2+harm_v2,10,0.2381,0.9908125909057033
eval_v2,others,story_v2_1k+persona_v2+harm_v2,11,0.2619,0.9919833664311313
eval_v2,others,story_v2_1k+persona_v2+harm_v2,12,0.2857,0.9944813697898318
eval_v2,others,story_v2_1k+persona_v2+harm_v2,13,0.3095,0.9975362002862515
eval_v2,others,story_v2_1k+persona_v2+harm_v2,14,0.3333,0.9975062928032731
eval_v2,others,story_v2_1k+persona_v2+harm_v2,15,0.3571,0.9985872336116116
eval_v2,others,story_v2_1k+persona_v2+harm_v2,16,0.381,0.9945224150774504
eval_v2,others,story_v2_1k+persona_v2+harm_v2,17,0.4048,0.9902139657225757
eval_v2,others,story_v2_1k+persona_v2+harm_v2,18,0.4286,0.9911022412498709
eval_v2,others,story_v2_1k+persona_v2+harm_v2,19,0.4524,0.9900048445865987
eval_v2,others,story_v2_1k+persona_v2+harm_v2,20,0.4762,0.981938044794306
eval_v2,others,story_v2_1k+persona_v2+harm_v2,21,0.5,0.9697583188915881
eval_v2,others,story_v2_1k+persona_v2+harm_v2,22,0.5238,0.9726568178377367
eval_v2,others,story_v2_1k+persona_v2+harm_v2,23,0.5476,0.9674349377519913
eval_v2,others,story_v2_1k+persona_v2+harm_v2,24,0.5714,0.9613191023655064
eval_v2,others,story_v2_1k+persona_v2+harm_v2,25,0.5952,0.9639833679519569
eval_v2,others,story_v2_1k+persona_v2+harm_v2,26,0.619,0.96672279299819
eval_v2,others,story_v2_1k+persona_v2+harm_v2,27,0.6429,0.9808020713525581
eval_v2,others,story_v2_1k+persona_v2+harm_v2,28,0.6667,0.9829711196150135
eval_v2,others,story_v2_1k+persona_v2+harm_v2,29,0.6905,0.9823681153322738
eval_v2,others,story_v2_1k+persona_v2+harm_v2,30,0.7143,0.9807467512875693
eval_v2,others,story_v2_1k+persona_v2+harm_v2,31,0.7381,0.9792968461817747
eval_v2,others,story_v2_1k+persona_v2+harm_v2,32,0.7619,0.9814480246458284
eval_v2,others,story_v2_1k+persona_v2+harm_v2,33,0.7857,0.9814615362864414
eval_v2,others,story_v2_1k+persona_v2+harm_v2,34,0.8095,0.9813085388603116
eval_v2,others,story_v2_1k+persona_v2+harm_v2,35,0.8333,0.9814270079863212
eval_v2,others,story_v2_1k+persona_v2+harm_v2,36,0.8571,0.9782306757559597
eval_v2,others,story_v2_1k+persona_v2+harm_v2,37,0.881,0.9810588409026356
eval_v2,others,story_v2_1k+persona_v2+harm_v2,38,0.9048,0.9828301513022222
eval_v2,others,story_v2_1k+persona_v2+harm_v2,39,0.9286,0.9855986486323586
eval_v2,others,story_v2_1k+persona_v2+harm_v2,40,0.9524,0.9862426686720204
eval_v2,others,story_v2_1k+persona_v2+harm_v2,41,0.9762,0.9791523229664992
eval_v2,others,story_v2_1k+persona_v2+harm_v2,42,1.0,0.9847179206147887
eval_v2,story_v2_1k,story_v2_1k,0,0.0,0.0
eval_v2,story_v2_1k,story_v2_1k,1,0.0238,0.805621394129418
eval_v2,story_v2_1k,story_v2_1k,2,0.0476,0.9268919633491123
eval_v2,story_v2_1k,story_v2_1k,3,0.0714,0.911365906166057
eval_v2,story_v2_1k,story_v2_1k,4,0.0952,0.9416840833653074
eval_v2,story_v2_1k,story_v2_1k,5,0.119,0.9742832644696289
eval_v2,story_v2_1k,story_v2_1k,6,0.1429,0.9703815847217595
eval_v2,story_v2_1k,story_v2_1k,7,0.1667,0.9840787598146272
eval_v2,story_v2_1k,story_v2_1k,8,0.1905,0.985278939187477
eval_v2,story_v2_1k,story_v2_1k,9,0.2143,0.9983598534734434
eval_v2,story_v2_1k,story_v2_1k,10,0.2381,0.998972305410823
eval_v2,story_v2_1k,story_v2_1k,11,0.2619,0.9993833335583117
eval_v2,story_v2_1k,story_v2_1k,12,0.2857,0.9986905204980433
eval_v2,story_v2_1k,story_v2_1k,13,0.3095,0.9997686135237936
eval_v2,story_v2_1k,story_v2_1k,14,0.3333,0.9998296147709983
eval_v2,story_v2_1k,story_v2_1k,15,0.3571,0.9999067989084977
eval_v2,story_v2_1k,story_v2_1k,16,0.381,0.9999919997354908
eval_v2,story_v2_1k,story_v2_1k,17,0.4048,0.9994223512486109
eval_v2,story_v2_1k,story_v2_1k,18,0.4286,0.9998389145633889
eval_v2,story_v2_1k,story_v2_1k,19,0.4524,0.9999410831833563
eval_v2,story_v2_1k,story_v2_1k,20,0.4762,0.9993312120474235
eval_v2,story_v2_1k,story_v2_1k,21,0.5,0.995285213576748
eval_v2,story_v2_1k,story_v2_1k,22,0.5238,0.9978352313903189
eval_v2,story_v2_1k,story_v2_1k,23,0.5476,0.9967342603793238
eval_v2,story_v2_1k,story_v2_1k,24,0.5714,0.9967511539862387
eval_v2,story_v2_1k,story_v2_1k,25,0.5952,0.9973592902177326
eval_v2,story_v2_1k,story_v2_1k,26,0.619,0.9950117537935759
eval_v2,story_v2_1k,story_v2_1k,27,0.6429,0.9968297568654333
eval_v2,story_v2_1k,story_v2_1k,28,0.6667,0.9973321700235223
eval_v2,story_v2_1k,story_v2_1k,29,0.6905,0.9960833923084809
eval_v2,story_v2_1k,story_v2_1k,30,0.7143,0.9959547668814835
eval_v2,story_v2_1k,story_v2_1k,31,0.7381,0.9950349910935067
eval_v2,story_v2_1k,story_v2_1k,32,0.7619,0.9934183277522125
eval_v2,story_v2_1k,story_v2_1k,33,0.7857,0.9952303856969263
eval_v2,story_v2_1k,story_v2_1k,34,0.8095,0.9948000027418643
eval_v2,story_v2_1k,story_v2_1k,35,0.8333,0.9946245290619536
eval_v2,story_v2_1k,story_v2_1k,36,0.8571,0.9951515258315444
eval_v2,story_v2_1k,story_v2_1k,37,0.881,0.994940505190909
eval_v2,story_v2_1k,story_v2_1k,38,0.9048,0.9944098997170664
eval_v2,story_v2_1k,story_v2_1k,39,0.9286,0.9948224636164408
eval_v2,story_v2_1k,story_v2_1k,40,0.9524,0.9937812105759883
eval_v2,story_v2_1k,story_v2_1k,41,0.9762,0.9868991346864482
eval_v2,story_v2_1k,story_v2_1k,42,1.0,0.9872056006150589
