probe,group_kind,group,n,pct_reads_mean,pct_reads_min,pct_reads_max,n_layers,band_lo,band_hi,ref_tpr_mean,ref_fpr_mean,gap_position_mean
eval,all,all,100,84.4,14.0,99.0,15,11,25,0.7056410256410255,0.2953846153846154,nan
harm,all,all,100,57.6,39.0,100.0,15,11,25,0.8358974358974361,0.09743589743589744,nan
length,all,all,100,98.8,93.0,100.0,15,11,25,0.9244444444444444,0.0,nan
persona,all,all,100,68.6,42.0,94.0,15,11,25,0.914871794871795,0.07282051282051283,nan
story_v1,all,all,100,3.933333333333333,2.0,7.0,15,11,25,0.997948717948718,0.0010256410256410256,0.5412041050602042
story_v2,all,all,100,31.6,1.0,72.0,15,11,25,1.0,0.022564102564102566,0.26895308938815593
eval,category,Disinformation,9,85.18518518518519,0.0,100.0,15,11,25,0.7056410256410255,0.2953846153846154,nan
harm,category,Disinformation,9,24.444444444444443,0.0,100.0,15,11,25,0.8358974358974361,0.09743589743589744,nan
length,category,Disinformation,9,98.51851851851852,88.88888888888889,100.0,15,11,25,0.9244444444444444,0.0,nan
persona,category,Disinformation,9,54.814814814814795,11.11111111111111,100.0,15,11,25,0.914871794871795,0.07282051282051283,nan
story_v1,category,Disinformation,9,2.222222222222222,0.0,11.11111111111111,15,11,25,0.997948717948718,0.0010256410256410256,0.5412041050602042
story_v2,category,Disinformation,9,28.88888888888889,0.0,88.88888888888889,15,11,25,1.0,0.022564102564102566,0.26895308938815593
eval,category,Economic harm,13,82.05128205128204,7.6923076923076925,100.0,15,11,25,0.7056410256410255,0.2953846153846154,nan
harm,category,Economic harm,13,67.6923076923077,46.15384615384615,100.0,15,11,25,0.8358974358974361,0.09743589743589744,nan
length,category,Economic harm,13,96.92307692307692,76.92307692307692,100.0,15,11,25,0.9244444444444444,0.0,nan
persona,category,Economic harm,13,69.74358974358975,30.76923076923077,84.61538461538461,15,11,25,0.914871794871795,0.07282051282051283,nan
story_v1,category,Economic harm,13,0.5128205128205129,0.0,7.6923076923076925,15,11,25,0.997948717948718,0.0010256410256410256,0.5412041050602042
story_v2,category,Economic harm,13,23.076923076923077,0.0,69.23076923076923,15,11,25,1.0,0.022564102564102566,0.26895308938815593
eval,category,Expert advice,11,87.2727272727273,18.181818181818183,100.0,15,11,25,0.7056410256410255,0.2953846153846154,nan
harm,category,Expert advice,11,55.151515151515156,27.272727272727273,100.0,15,11,25,0.8358974358974361,0.09743589743589744,nan
length,category,Expert advice,11,100.0,100.0,100.0,15,11,25,0.9244444444444444,0.0,nan
persona,category,Expert advice,11,73.33333333333333,45.45454545454545,100.0,15,11,25,0.914871794871795,0.07282051282051283,nan
story_v1,category,Expert advice,11,0.0,0.0,0.0,15,11,25,0.997948717948718,0.0010256410256410256,0.5412041050602042
story_v2,category,Expert advice,11,39.99999999999999,0.0,90.9090909090909,15,11,25,1.0,0.022564102564102566,0.26895308938815593
eval,category,Fraud/Deception,9,80.0,11.11111111111111,100.0,15,11,25,0.7056410256410255,0.2953846153846154,nan
harm,category,Fraud/Deception,9,47.40740740740741,11.11111111111111,100.0,15,11,25,0.8358974358974361,0.09743589743589744,nan
length,category,Fraud/Deception,9,100.0,100.0,100.0,15,11,25,0.9244444444444444,0.0,nan
persona,category,Fraud/Deception,9,80.00000000000001,55.55555555555556,100.0,15,11,25,0.914871794871795,0.07282051282051283,nan
story_v1,category,Fraud/Deception,9,10.370370370370372,0.0,22.22222222222222,15,11,25,0.997948717948718,0.0010256410256410256,0.5412041050602042
story_v2,category,Fraud/Deception,9,25.925925925925924,0.0,66.66666666666667,15,11,25,1.0,0.022564102564102566,0.26895308938815593
eval,category,Government decision-making,11,87.27272727272727,9.090909090909092,100.0,15,11,25,0.7056410256410255,0.2953846153846154,nan
harm,category,Government decision-making,11,38.787878787878775,18.181818181818183,100.0,15,11,25,0.8358974358974361,0.09743589743589744,nan
length,category,Government decision-making,11,96.36363636363636,90.9090909090909,100.0,15,11,25,0.9244444444444444,0.0,nan
persona,category,Government decision-making,11,82.42424242424242,45.45454545454545,100.0,15,11,25,0.914871794871795,0.07282051282051283,nan
story_v1,category,Government decision-making,11,1.8181818181818181,0.0,9.090909090909092,15,11,25,0.997948717948718,0.0010256410256410256,0.5412041050602042
story_v2,category,Government decision-making,11,41.81818181818182,0.0,81.81818181818181,15,11,25,1.0,0.022564102564102566,0.26895308938815593
eval,category,Harassment/Discrimination,5,86.66666666666667,0.0,100.0,15,11,25,0.7056410256410255,0.2953846153846154,nan
harm,category,Harassment/Discrimination,5,52.0,20.0,100.0,15,11,25,0.8358974358974361,0.09743589743589744,nan
length,category,Harassment/Discrimination,5,97.33333333333333,80.0,100.0,15,11,25,0.9244444444444444,0.0,nan
persona,category,Harassment/Discrimination,5,41.333333333333336,0.0,100.0,15,11,25,0.914871794871795,0.07282051282051283,nan
story_v1,category,Harassment/Discrimination,5,1.3333333333333333,0.0,20.0,15,11,25,0.997948717948718,0.0010256410256410256,0.5412041050602042
story_v2,category,Harassment/Discrimination,5,46.666666666666664,0.0,100.0,15,11,25,1.0,0.022564102564102566,0.26895308938815593
eval,category,Malware/Hacking,13,76.92307692307692,0.0,100.0,15,11,25,0.7056410256410255,0.2953846153846154,nan
harm,category,Malware/Hacking,13,90.25641025641023,84.61538461538461,100.0,15,11,25,0.8358974358974361,0.09743589743589744,nan
length,category,Malware/Hacking,13,100.0,100.0,100.0,15,11,25,0.9244444444444444,0.0,nan
persona,category,Malware/Hacking,13,74.35897435897435,38.46153846153846,100.0,15,11,25,0.914871794871795,0.07282051282051283,nan
story_v1,category,Malware/Hacking,13,1.0256410256410258,0.0,7.6923076923076925,15,11,25,0.997948717948718,0.0010256410256410256,0.5412041050602042
story_v2,category,Malware/Hacking,13,22.051282051282048,0.0,61.53846153846154,15,11,25,1.0,0.022564102564102566,0.26895308938815593
eval,category,Physical harm,9,84.44444444444444,22.22222222222222,100.0,15,11,25,0.7056410256410255,0.2953846153846154,nan
harm,category,Physical harm,9,72.5925925925926,44.44444444444444,100.0,15,11,25,0.8358974358974361,0.09743589743589744,nan
length,category,Physical harm,9,100.0,100.0,100.0,15,11,25,0.9244444444444444,0.0,nan
persona,category,Physical harm,9,73.33333333333333,44.44444444444444,88.88888888888889,15,11,25,0.914871794871795,0.07282051282051283,nan
story_v1,category,Physical harm,9,0.0,0.0,0.0,15,11,25,0.997948717948718,0.0010256410256410256,0.5412041050602042
story_v2,category,Physical harm,9,37.03703703703704,0.0,100.0,15,11,25,1.0,0.022564102564102566,0.26895308938815593
eval,category,Privacy,10,86.66666666666667,30.0,100.0,15,11,25,0.7056410256410255,0.2953846153846154,nan
harm,category,Privacy,10,60.0,30.0,100.0,15,11,25,0.8358974358974361,0.09743589743589744,nan
length,category,Privacy,10,98.66666666666667,90.0,100.0,15,11,25,0.9244444444444444,0.0,nan
persona,category,Privacy,10,51.333333333333336,30.0,90.0,15,11,25,0.914871794871795,0.07282051282051283,nan
story_v1,category,Privacy,10,6.666666666666667,0.0,10.0,15,11,25,0.997948717948718,0.0010256410256410256,0.5412041050602042
story_v2,category,Privacy,10,27.333333333333332,0.0,60.0,15,11,25,1.0,0.022564102564102566,0.26895308938815593
eval,category,Sexual/Adult content,5,86.66666666666667,0.0,100.0,15,11,25,0.7056410256410255,0.2953846153846154,nan
harm,category,Sexual/Adult content,5,82.66666666666667,80.0,100.0,15,11,25,0.8358974358974361,0.09743589743589744,nan
length,category,Sexual/Adult content,5,100.0,100.0,100.0,15,11,25,0.9244444444444444,0.0,nan
persona,category,Sexual/Adult content,5,45.333333333333336,40.0,60.0,15,11,25,0.914871794871795,0.07282051282051283,nan
story_v1,category,Sexual/Adult content,5,0.0,0.0,0.0,15,11,25,0.997948717948718,0.0010256410256410256,0.5412041050602042
story_v2,category,Sexual/Adult content,5,24.0,0.0,80.0,15,11,25,1.0,0.022564102564102566,0.26895308938815593
eval,family,fiction_narrative,35,83.61904761904762,20.0,97.14285714285714,15,11,25,0.7056410256410255,0.2953846153846154,nan
harm,family,fiction_narrative,35,57.33333333333334,31.428571428571427,100.0,15,11,25,0.8358974358974361,0.09743589743589744,nan
length,family,fiction_narrative,35,99.61904761904762,97.14285714285714,100.0,15,11,25,0.9244444444444444,0.0,nan
persona,family,fiction_narrative,35,83.04761904761904,62.857142857142854,100.0,15,11,25,0.914871794871795,0.07282051282051283,nan
story_v1,family,fiction_narrative,35,8.571428571428573,5.714285714285714,14.285714285714286,15,11,25,0.997948717948718,0.0010256410256410256,0.5412041050602042
story_v2,family,fiction_narrative,35,29.333333333333332,2.857142857142857,60.0,15,11,25,1.0,0.022564102564102566,0.26895308938815593
eval,family,hybrid,20,88.33333333333333,20.0,100.0,15,11,25,0.7056410256410255,0.2953846153846154,nan
harm,family,hybrid,20,67.33333333333333,35.0,100.0,15,11,25,0.8358974358974361,0.09743589743589744,nan
length,family,hybrid,20,97.33333333333333,90.0,100.0,15,11,25,0.9244444444444444,0.0,nan
persona,family,hybrid,20,74.33333333333333,40.0,100.0,15,11,25,0.914871794871795,0.07282051282051283,nan
story_v1,family,hybrid,20,2.6666666666666665,0.0,5.0,15,11,25,0.997948717948718,0.0010256410256410256,0.5412041050602042
story_v2,family,hybrid,20,44.0,0.0,100.0,15,11,25,1.0,0.022564102564102566,0.26895308938815593
eval,family,nonfiction_other,15,83.55555555555557,6.666666666666667,100.0,15,11,25,0.7056410256410255,0.2953846153846154,nan
harm,family,nonfiction_other,15,28.0,6.666666666666667,100.0,15,11,25,0.8358974358974361,0.09743589743589744,nan
length,family,nonfiction_other,15,97.77777777777779,80.0,100.0,15,11,25,0.9244444444444444,0.0,nan
persona,family,nonfiction_other,15,44.0,13.333333333333334,93.33333333333333,15,11,25,0.914871794871795,0.07282051282051283,nan
story_v1,family,nonfiction_other,15,1.777777777777778,0.0,13.333333333333334,15,11,25,0.997948717948718,0.0010256410256410256,0.5412041050602042
story_v2,family,nonfiction_other,15,22.666666666666668,0.0,66.66666666666667,15,11,25,1.0,0.022564102564102566,0.26895308938815593
eval,family,roleplay_persona,30,83.11111111111111,3.3333333333333335,100.0,15,11,25,0.7056410256410255,0.2953846153846154,nan
harm,family,roleplay_persona,30,66.22222222222223,50.0,100.0,15,11,25,0.8358974358974361,0.09743589743589744,nan
length,family,roleplay_persona,30,99.33333333333333,93.33333333333333,100.0,15,11,25,0.9244444444444444,0.0,nan
persona,family,roleplay_persona,30,60.22222222222222,16.666666666666668,90.0,15,11,25,0.914871794871795,0.07282051282051283,nan
story_v1,family,roleplay_persona,30,0.4444444444444445,0.0,3.3333333333333335,15,11,25,0.997948717948718,0.0010256410256410256,0.5412041050602042
story_v2,family,roleplay_persona,30,30.444444444444446,0.0,83.33333333333333,15,11,25,1.0,0.022564102564102566,0.26895308938815593
eval,source,in_the_wild,73,84.20091324200912,13.698630136986301,100.0,15,11,25,0.7056410256410255,0.2953846153846154,nan
harm,source,in_the_wild,73,68.40182648401827,50.68493150684932,100.0,15,11,25,0.8358974358974361,0.09743589743589744,nan
length,source,in_the_wild,73,99.3607305936073,94.52054794520548,100.0,15,11,25,0.9244444444444444,0.0,nan
persona,source,in_the_wild,73,71.32420091324201,36.986301369863014,94.52054794520548,15,11,25,0.914871794871795,0.07282051282051283,nan
story_v1,source,in_the_wild,73,1.735159817351598,0.0,2.73972602739726,15,11,25,0.997948717948718,0.0010256410256410256,0.5412041050602042
story_v2,source,in_the_wild,73,31.324200913242006,0.0,76.71232876712328,15,11,25,1.0,0.022564102564102566,0.26895308938815593
eval,source,strongreject,19,82.80701754385966,5.2631578947368425,100.0,15,11,25,0.7056410256410255,0.2953846153846154,nan
harm,source,strongreject,19,29.82456140350878,10.526315789473685,100.0,15,11,25,0.8358974358974361,0.09743589743589744,nan
length,source,strongreject,19,98.24561403508773,84.21052631578948,100.0,15,11,25,0.9244444444444444,0.0,nan
persona,source,strongreject,19,48.07017543859649,15.789473684210526,94.73684210526316,15,11,25,0.914871794871795,0.07282051282051283,nan
story_v1,source,strongreject,19,1.7543859649122808,0.0,15.789473684210526,15,11,25,0.997948717948718,0.0010256410256410256,0.5412041050602042
story_v2,source,strongreject,19,24.210526315789476,0.0,73.6842105263158,15,11,25,1.0,0.022564102564102566,0.26895308938815593
eval,technique,in_the_wild_wrapper,73,84.20091324200912,13.698630136986301,100.0,15,11,25,0.7056410256410255,0.2953846153846154,nan
harm,technique,in_the_wild_wrapper,73,68.40182648401827,50.68493150684932,100.0,15,11,25,0.8358974358974361,0.09743589743589744,nan
length,technique,in_the_wild_wrapper,73,99.3607305936073,94.52054794520548,100.0,15,11,25,0.9244444444444444,0.0,nan
persona,technique,in_the_wild_wrapper,73,71.32420091324201,36.986301369863014,94.52054794520548,15,11,25,0.914871794871795,0.07282051282051283,nan
story_v1,technique,in_the_wild_wrapper,73,1.735159817351598,0.0,2.73972602739726,15,11,25,0.997948717948718,0.0010256410256410256,0.5412041050602042
story_v2,technique,in_the_wild_wrapper,73,31.324200913242006,0.0,76.71232876712328,15,11,25,1.0,0.022564102564102566,0.26895308938815593
