axis_a,axis_b,layer,depth,cos,reliability_a,reliability_b,cos_disattenuated
story_v2_1k,persona_v2,0,0.0,0.0,nan,nan,nan
story_v2_1k,persona_v2,1,0.0357,0.08471811661241427,0.9941684982994302,0.996659599290463,0.08510848630038631
story_v2_1k,persona_v2,2,0.0714,0.0584367215466831,0.993303033558212,0.996930102981549,0.05872359123766789
story_v2_1k,persona_v2,3,0.1071,0.03650489459651028,0.9951216353745278,0.9973350086807873,0.03664312318144379
story_v2_1k,persona_v2,4,0.1429,0.05062587156720322,0.9964223131524312,0.9976523295304203,0.0507763151035483
story_v2_1k,persona_v2,5,0.1786,0.06743204654626886,0.9968035144969405,0.9967347337728834,0.06765061733320378
story_v2_1k,persona_v2,6,0.2143,-0.015358334133723148,0.9949933199625376,0.9981020948519221,-0.015411558023930648
story_v2_1k,persona_v2,7,0.25,-0.019961500562680232,0.9958170731386222,0.9979801852415279,-0.02002361295930516
story_v2_1k,persona_v2,8,0.2857,-0.013655311731913523,0.9958548242862447,0.9978243987107976,-0.013698611329202338
story_v2_1k,persona_v2,9,0.3214,0.013496957255177586,0.997218186351486,0.9970527196119219,0.01353573103962544
story_v2_1k,persona_v2,10,0.3571,0.007473138882541963,0.9972231088371464,0.9967854874686631,0.007495593626189622
story_v2_1k,persona_v2,11,0.3929,0.006415545272048553,0.9975143436141,0.9964275292031963,0.006435038365462788
story_v2_1k,persona_v2,12,0.4286,0.007571721696940493,0.9976010522126136,0.99619130676217,0.00759529803148995
story_v2_1k,persona_v2,13,0.4643,0.023917686779167027,0.997942632886806,0.9960896204239291,0.023989278073749124
story_v2_1k,persona_v2,14,0.5,0.07512192031609284,0.998869112845528,0.9957090523023461,0.07532621775387725
story_v2_1k,persona_v2,15,0.5357,0.13673058427178472,0.9991080988791092,0.9957576121007556,0.13708268819462258
story_v2_1k,persona_v2,16,0.5714,0.1419399581178676,0.9990884605483893,0.9966529209188901,0.1422429430301677
story_v2_1k,persona_v2,17,0.6071,0.16300021628192887,0.999035014927381,0.9963990064594404,0.16337333809131943
story_v2_1k,persona_v2,18,0.6429,0.17680435447308032,0.9990264948365122,0.9967770053631446,0.1771762267773633
story_v2_1k,persona_v2,19,0.6786,0.17086547059513008,0.9986926881107282,0.9959368927244956,0.17132567902778276
story_v2_1k,persona_v2,20,0.7143,0.23033233063002945,0.9987047135757726,0.9960276066169826,0.23094079915993201
story_v2_1k,persona_v2,21,0.75,0.20396568192969108,0.9986732414610329,0.99507637886867,0.20460544470662398
story_v2_1k,persona_v2,22,0.7857,0.19638344444710762,0.9985131055834416,0.9946032104822604,0.19706207884904067
story_v2_1k,persona_v2,23,0.8214,0.16961559320825037,0.9983391400055135,0.9942544843795674,0.1702464039935241
story_v2_1k,persona_v2,24,0.8571,0.15213415792021995,0.9982862443841971,0.9939312315229467,0.1527288293165267
story_v2_1k,persona_v2,25,0.8929,0.1463652617133864,0.9981963115913383,0.9933087158460995,0.14699004069078356
story_v2_1k,persona_v2,26,0.9286,0.14627493736150562,0.9980697670688671,0.9926047062078784,0.146960731705689
story_v2_1k,persona_v2,27,0.9643,0.15451872674449543,0.9979433026829118,0.9916419127190431,0.15532835743739473
story_v2_1k,persona_v2,28,1.0,0.22213008449575175,0.9982359105053682,0.9920531897171115,0.2232149653589649
story_v2_1k,harm_v2,0,0.0,0.0,nan,nan,nan
story_v2_1k,harm_v2,1,0.0357,-0.041978056913807224,0.9941684982994302,0.977777439193256,-0.042576732305145144
story_v2_1k,harm_v2,2,0.0714,-0.06376743342071908,0.993303033558212,0.9821904093635607,-0.06455950798506656
story_v2_1k,harm_v2,3,0.1071,0.016041582640882558,0.9951216353745278,0.9763661054158378,0.016274317386334933
story_v2_1k,harm_v2,4,0.1429,0.014270434637635035,0.9964223131524312,0.9769567945109889,0.014463646530397117
story_v2_1k,harm_v2,5,0.1786,0.03182956333680899,0.9968035144969405,0.9827147221797835,0.03215971336101598
story_v2_1k,harm_v2,6,0.2143,-0.004683236445892418,0.9949933199625376,0.9838851664759625,-0.004733297434508183
story_v2_1k,harm_v2,7,0.25,0.05803154495623271,0.9958170731386222,0.9850761208295696,0.05859215251699672
story_v2_1k,harm_v2,8,0.2857,0.030941006435061914,0.9958548242862447,0.9870954358785259,0.031207346888021834
story_v2_1k,harm_v2,9,0.3214,0.11370197779679585,0.997218186351486,0.9892182875548512,0.11447927115550423
story_v2_1k,harm_v2,10,0.3571,0.03247831404411242,0.9972231088371464,0.9902359222852284,0.03268345585862481
story_v2_1k,harm_v2,11,0.3929,0.09279623245600647,0.9975143436141,0.9897800334833662,0.09339022573903585
story_v2_1k,harm_v2,12,0.4286,0.08670619605523859,0.9976010522126136,0.9904623000076813,0.08722735616464365
story_v2_1k,harm_v2,13,0.4643,0.08147744687811376,0.997942632886806,0.991904750793595,0.08189353881143176
story_v2_1k,harm_v2,14,0.5,0.12910344203684454,0.998869112845528,0.9950069088241624,0.12950021248940893
story_v2_1k,harm_v2,15,0.5357,0.05339951817004532,0.9991080988791092,0.9960943942983123,0.053527979510070545
story_v2_1k,harm_v2,16,0.5714,0.011509081652561504,0.9990884605483893,0.9972629479141337,0.011530120814967156
story_v2_1k,harm_v2,17,0.6071,-0.011826998776348449,0.999035014927381,0.997279439306789,-0.011848838067093543
story_v2_1k,harm_v2,18,0.6429,-0.017167807792361864,0.9990264948365122,0.9976691192232601,-0.01719622323850129
story_v2_1k,harm_v2,19,0.6786,0.05511019320590996,0.9986926881107282,0.9980709773799172,0.05519951792961424
story_v2_1k,harm_v2,20,0.7143,0.04852936136205929,0.9987047135757726,0.9976870449566876,0.048617078746998915
story_v2_1k,harm_v2,21,0.75,0.07442712944941739,0.9986732414610329,0.9975895827871292,0.0745664744255475
story_v2_1k,harm_v2,22,0.7857,0.02453074087253937,0.9985131055834416,0.9974829697113197,0.02457995227863999
story_v2_1k,harm_v2,23,0.8214,0.039797542919411164,0.9983391400055135,0.9975144407934329,0.03988022638512915
story_v2_1k,harm_v2,24,0.8571,0.058409996643710924,0.9982862443841971,0.9977318387586258,0.05852652277063296
story_v2_1k,harm_v2,25,0.8929,0.07275319915098251,0.9981963115913383,0.9973565762915696,0.07291533693158096
story_v2_1k,harm_v2,26,0.9286,0.06236199192231848,0.9980697670688671,0.9972189505842712,0.06250924694772154
story_v2_1k,harm_v2,27,0.9643,0.06298090691695409,0.9979433026829118,0.9968354454574994,0.06314576660569553
story_v2_1k,harm_v2,28,1.0,0.1301143288744316,0.9982359105053682,0.9960720178583033,0.13048577264899178
story_v2_1k,eval_v2,0,0.0,0.0,nan,nan,nan
story_v2_1k,eval_v2,1,0.0357,-0.27300646308332355,0.9941684982994302,0.981825306265864,-0.27632858860408843
story_v2_1k,eval_v2,2,0.0714,-0.27498368305759324,0.993303033558212,0.978639207820762,-0.2789039968514081
story_v2_1k,eval_v2,3,0.1071,-0.2667745245155968,0.9951216353745278,0.9817008106556847,-0.2699085831553309
story_v2_1k,eval_v2,4,0.1429,-0.22827431054510958,0.9964223131524312,0.9866434810246703,-0.2302264369378499
story_v2_1k,eval_v2,5,0.1786,-0.08477990867590998,0.9968035144969405,0.9888820425849242,-0.08539175096796053
story_v2_1k,eval_v2,6,0.2143,-0.07943591263758133,0.9949933199625376,0.9856483452590105,-0.08021319374235554
story_v2_1k,eval_v2,7,0.25,-0.08597674061269948,0.9958170731386222,0.985278299508335,-0.08679840289239762
story_v2_1k,eval_v2,8,0.2857,-0.014634118358485708,0.9958548242862447,0.9835692044637686,-0.014786523783470822
story_v2_1k,eval_v2,9,0.3214,-0.052050780683362094,0.997218186351486,0.982340901003977,-0.05258974187283078
story_v2_1k,eval_v2,10,0.3571,-0.03802917634389051,0.9972231088371464,0.9826319045985004,-0.03841716579754286
story_v2_1k,eval_v2,11,0.3929,-0.06176141282952722,0.9975143436141,0.9820079454395574,-0.06240223529384846
story_v2_1k,eval_v2,12,0.4286,-0.04815150742896401,0.9976010522126136,0.9796814016477027,-0.04870673371797814
story_v2_1k,eval_v2,13,0.4643,-0.07732319876099131,0.997942632886806,0.9813424811143562,-0.07813519926554861
story_v2_1k,eval_v2,14,0.5,-0.025646371839836386,0.998869112845528,0.9882175327589713,-0.025813409158132156
story_v2_1k,eval_v2,15,0.5357,-0.045491770363552904,0.9991080988791092,0.9868948436808732,-0.04581325598860621
story_v2_1k,eval_v2,16,0.5714,-0.0453318409765916,0.9990884605483893,0.9871358084357672,-0.04564707271168102
story_v2_1k,eval_v2,17,0.6071,-0.044584190589163145,0.999035014927381,0.9855298835812142,-0.044931987849824835
story_v2_1k,eval_v2,18,0.6429,-0.03154829568731992,0.9990264948365122,0.9861425663319616,-0.031784658297187414
story_v2_1k,eval_v2,19,0.6786,-0.003512132220329651,0.9986926881107282,0.9833690629881598,-0.003544023978535725
story_v2_1k,eval_v2,20,0.7143,0.0015121868206043124,0.9987047135757726,0.9829525340335872,0.0015262322478632653
story_v2_1k,eval_v2,21,0.75,0.027380175172185654,0.9986732414610329,0.9832383778290946,0.027630904687333886
story_v2_1k,eval_v2,22,0.7857,0.011513328325118621,0.9985131055834416,0.9833508703695523,0.011619026751943852
story_v2_1k,eval_v2,23,0.8214,-0.012030900244876123,0.9983391400055135,0.9836988914878065,-0.012140259943568746
story_v2_1k,eval_v2,24,0.8571,-0.00904499858575395,0.9982862443841971,0.9817588670587425,-0.009136472337027085
story_v2_1k,eval_v2,25,0.8929,-0.04252388251896553,0.9981963115913383,0.9809908839586536,-0.042972680400644545
story_v2_1k,eval_v2,26,0.9286,-0.031815758761294284,0.9980697670688671,0.9812468090832929,-0.03214938770558014
story_v2_1k,eval_v2,27,0.9643,-0.041665611707767884,0.9979433026829118,0.9811002794233274,-0.04210834074041222
story_v2_1k,eval_v2,28,1.0,-0.13949269110420243,0.9982359105053682,0.9850482753387053,-0.1406714942785065
persona_v2,harm_v2,0,0.0,0.0,nan,nan,nan
persona_v2,harm_v2,1,0.0357,-0.0948689525222498,0.996659599290463,0.977777439193256,-0.0961016119367458
persona_v2,harm_v2,2,0.0714,-0.029017951156295883,0.996930102981549,0.9821904093635607,-0.02932490040293671
persona_v2,harm_v2,3,0.1071,0.0022242137860554955,0.9973350086807873,0.9763661054158378,0.0022539778766201488
persona_v2,harm_v2,4,0.1429,0.126374518589694,0.9976523295304203,0.9769567945109889,0.12800655947455092
persona_v2,harm_v2,5,0.1786,0.16448034464924502,0.9967347337728834,0.9827147221797835,0.1661921398957478
persona_v2,harm_v2,6,0.2143,0.24381880218311103,0.9981020948519221,0.9838851664759625,0.24604101123605954
persona_v2,harm_v2,7,0.25,0.3040698699564866,0.9979801852415279,0.9850761208295696,0.30667440643511695
persona_v2,harm_v2,8,0.2857,0.3023615568432892,0.9978243987107976,0.9870954358785259,0.30466315934576127
persona_v2,harm_v2,9,0.3214,0.27762892194848143,0.9970527196119219,0.9892182875548512,0.27955005190034243
persona_v2,harm_v2,10,0.3571,0.19881002717903698,0.9967854874686631,0.9902359222852284,0.20010967795596007
persona_v2,harm_v2,11,0.3929,0.2044685376169154,0.9964275292031963,0.9897800334833662,0.20588954208046004
persona_v2,harm_v2,12,0.4286,0.21271292090285993,0.99619130676217,0.9904623000076813,0.21414282252690192
persona_v2,harm_v2,13,0.4643,0.20989559760683046,0.9960896204239291,0.991904750793595,0.21116363879601127
persona_v2,harm_v2,14,0.5,-0.08711873855209733,0.9957090523023461,0.9950069088241624,-0.08752503689350406
persona_v2,harm_v2,15,0.5357,-0.23972159384418107,0.9957576121007556,0.9960943942983123,-0.2407022173340483
persona_v2,harm_v2,16,0.5714,-0.36688225315512907,0.9966529209188901,0.9972629479141337,-0.3680017558015468
persona_v2,harm_v2,17,0.6071,-0.3210736706755892,0.9963990064594404,0.997279439306789,-0.32209176225538455
persona_v2,harm_v2,18,0.6429,-0.32797159832365275,0.9967770053631446,0.9976691192232601,-0.3288849240802285
persona_v2,harm_v2,19,0.6786,-0.15186489523146177,0.9959368927244956,0.9980709773799172,-0.15232134685515297
persona_v2,harm_v2,20,0.7143,-0.19503023212110243,0.9960276066169826,0.9976870449566876,-0.19564514864136523
persona_v2,harm_v2,21,0.75,-0.05121452921445781,0.99507637886867,0.9975895827871292,-0.05140306597625029
persona_v2,harm_v2,22,0.7857,-0.012547055954997681,0.9946032104822604,0.9974829697113197,-0.012596913918611442
persona_v2,harm_v2,23,0.8214,-0.031425574530914956,0.9942544843795674,0.9975144407934329,-0.03155548439958424
persona_v2,harm_v2,24,0.8571,-0.010534209303795219,0.9939312315229467,0.9977318387586258,-0.010578323854999891
persona_v2,harm_v2,25,0.8929,0.05034203685928998,0.9933087158460995,0.9973565762915696,0.05057820733157591
persona_v2,harm_v2,26,0.9286,0.06319424380892902,0.9926047062078784,0.9972189505842712,0.06351760217960453
persona_v2,harm_v2,27,0.9643,0.04392265866188228,0.9916419127190431,0.9968354454574994,0.04417732823843528
persona_v2,harm_v2,28,1.0,-0.013263797328047404,0.9920531897171115,0.9960720178583033,-0.013343047385891689
persona_v2,eval_v2,0,0.0,0.0,nan,nan,nan
persona_v2,eval_v2,1,0.0357,-0.12105943900326158,0.996659599290463,0.981825306265864,-0.12237934351722106
persona_v2,eval_v2,2,0.0714,-0.08811671340566503,0.996930102981549,0.978639207820762,-0.08921022398653192
persona_v2,eval_v2,3,0.1071,0.09581378863060792,0.9973350086807873,0.9817008106556847,0.09683177801321376
persona_v2,eval_v2,4,0.1429,-0.009831410350994458,0.9976523295304203,0.9866434810246703,-0.009909370980286686
persona_v2,eval_v2,5,0.1786,0.1266096924185558,0.9967347337728834,0.9888820425849242,0.12752781306741934
persona_v2,eval_v2,6,0.2143,0.10367080527159736,0.9981020948519221,0.9856483452590105,0.10452206705225875
persona_v2,eval_v2,7,0.25,0.10849349531326817,0.9979801852415279,0.985278299508335,0.1094115782949081
persona_v2,eval_v2,8,0.2857,0.10026239838923597,0.9978243987107976,0.9835692044637686,0.10120653784581445
persona_v2,eval_v2,9,0.3214,0.08051122796120319,0.9970527196119219,0.982340901003977,0.08135163315700923
persona_v2,eval_v2,10,0.3571,0.1755620758234079,0.9967854874686631,0.9826319045985004,0.1773921607033755
persona_v2,eval_v2,11,0.3929,0.18297363593593488,0.9964275292031963,0.9820079454395574,0.18497292258941606
persona_v2,eval_v2,12,0.4286,0.2111189251744355,0.99619130676217,0.9796814016477027,0.21370434914885483
persona_v2,eval_v2,13,0.4643,0.2261900512347145,0.9960896204239291,0.9813424811143562,0.22877785932308015
persona_v2,eval_v2,14,0.5,0.27998079826858924,0.9957090523023461,0.9882175327589713,0.28225116445265014
persona_v2,eval_v2,15,0.5357,0.29552051182388817,0.9957576121007556,0.9868948436808732,0.29810919568590893
persona_v2,eval_v2,16,0.5714,0.3641087787508645,0.9966529209188901,0.9871358084357672,0.36708845402733176
persona_v2,eval_v2,17,0.6071,0.33241197465378375,0.9963990064594404,0.9855298835812142,0.33544793172467974
persona_v2,eval_v2,18,0.6429,0.3469305566563481,0.9967770053631446,0.9861425663319616,0.34992397162581546
persona_v2,eval_v2,19,0.6786,0.42093247221075303,0.9959368927244956,0.9833690629881598,0.42534198085624525
persona_v2,eval_v2,20,0.7143,0.3848262378411638,0.9960276066169826,0.9829525340335872,0.38892218214002794
persona_v2,eval_v2,21,0.75,0.36646703131601743,0.99507637886867,0.9832383778290946,0.370490682803864
persona_v2,eval_v2,22,0.7857,0.3166604055762443,0.9946032104822604,0.9833508703695523,0.3201950266286348
persona_v2,eval_v2,23,0.8214,0.3234450937236939,0.9942544843795674,0.9836988914878065,0.3270549281436182
persona_v2,eval_v2,24,0.8571,0.3212176039024423,0.9939312315229467,0.9817588670587425,0.32517620128868063
persona_v2,eval_v2,25,0.8929,0.2987342527090949,0.9933087158460995,0.9809908839586536,0.3026289092178861
persona_v2,eval_v2,26,0.9286,0.29499174644705095,0.9926047062078784,0.9812468090832929,0.2989045811787001
persona_v2,eval_v2,27,0.9643,0.27232666484759077,0.9916419127190431,0.9811002794233274,0.27609340348340977
persona_v2,eval_v2,28,1.0,0.12518972668298325,0.9920531897171115,0.9850482753387053,0.12664045286169495
harm_v2,eval_v2,0,0.0,0.0,nan,nan,nan
harm_v2,eval_v2,1,0.0357,0.015019943852183868,0.977777439193256,0.981825306265864,0.015329613036806989
harm_v2,eval_v2,2,0.0714,-0.01824381988107296,0.9821904093635607,0.978639207820762,-0.01860829685651891
harm_v2,eval_v2,3,0.1071,-0.03877707079742181,0.9763661054158378,0.9817008106556847,-0.039607650174277365
harm_v2,eval_v2,4,0.1429,0.045340803861859326,0.9769567945109889,0.9866434810246703,0.04618185904487944
harm_v2,eval_v2,5,0.1786,0.04867824116935557,0.9827147221797835,0.9888820425849242,0.04937975167859817
harm_v2,eval_v2,6,0.2143,0.1630639341286659,0.9838851664759625,0.9856483452590105,0.1655864177982728
harm_v2,eval_v2,7,0.25,0.07298119771509409,0.9850761208295696,0.985278299508335,0.07407925939210797
harm_v2,eval_v2,8,0.2857,0.04282819034000537,0.9870954358785259,0.9835692044637686,0.04346580136201377
harm_v2,eval_v2,9,0.3214,-0.0158421635330526,0.9892182875548512,0.982340901003977,-0.0160707931178243
harm_v2,eval_v2,10,0.3571,0.05294189418080495,0.9902359222852284,0.9826319045985004,0.05367038450889717
harm_v2,eval_v2,11,0.3929,0.056646235159496086,0.9897800334833662,0.9820079454395574,0.05745716660623084
harm_v2,eval_v2,12,0.4286,0.09568555500782856,0.9904623000076813,0.9796814016477027,0.09713706424343727
harm_v2,eval_v2,13,0.4643,0.07960163031429214,0.991904750793595,0.9813424811143562,0.08068200417617577
harm_v2,eval_v2,14,0.5,-0.06485357211628137,0.9950069088241624,0.9882175327589713,-0.06540253416766183
harm_v2,eval_v2,15,0.5357,-0.08701993601243456,0.9960943942983123,0.9868948436808732,-0.08776736737016023
harm_v2,eval_v2,16,0.5714,-0.1587273908093039,0.9972629479141337,0.9871358084357672,-0.15997738088469973
harm_v2,eval_v2,17,0.6071,-0.11029765426508192,0.997279439306789,0.9855298835812142,-0.11125587270729907
harm_v2,eval_v2,18,0.6429,-0.09960940273073438,0.9976691192232601,0.9861425663319616,-0.10042393125130836
harm_v2,eval_v2,19,0.6786,0.003069464333488092,0.9980709773799172,0.9833690629881598,0.0030983010002905
harm_v2,eval_v2,20,0.7143,-0.04894344620828018,0.9976870449566876,0.9829525340335872,-0.04942322784572853
harm_v2,eval_v2,21,0.75,0.07841095073360137,0.9975895827871292,0.9832383778290946,0.07917195263855223
harm_v2,eval_v2,22,0.7857,0.03380665915261252,0.9974829697113197,0.9833508703695523,0.034134634495681354
harm_v2,eval_v2,23,0.8214,0.045125009696919544,0.9975144407934329,0.9836988914878065,0.0455540109077354
harm_v2,eval_v2,24,0.8571,0.06917823553685196,0.9977318387586258,0.9817588670587425,0.06989725956094635
harm_v2,eval_v2,25,0.8929,0.09578970906839403,0.9973565762915696,0.9809908839586536,0.0968414181382892
harm_v2,eval_v2,26,0.9286,0.0564025994401634,0.9972189505842712,0.9812468090832929,0.05701836104474806
harm_v2,eval_v2,27,0.9643,0.030464738952230425,0.9968354454574994,0.9811002794233274,0.030805554128136202
harm_v2,eval_v2,28,1.0,0.1118469691361949,0.9960720178583033,0.9850482753387053,0.11291459796056362
